<?xml version="1.0" encoding="UTF-8"?>
<project-private xmlns="http://www.netbeans.org/ns/project-private/1">
    <editor-bookmarks xmlns="http://www.netbeans.org/ns/editor-bookmarks/2" lastBookmarkId="0"/>
    <open-files xmlns="http://www.netbeans.org/ns/projectui-open-files/2">
        <group>
            <file>file:/C:/Users/Rudy%20Duarte/Documents/College/Senior%20Year%20(2013-2014)/CSC%20271/Final%20DBMS%20Project/Girl_Scouts_GUI/GirlScoutsGUI/src/Test2.java</file>
            <file>file:/C:/Users/Rudy%20Duarte/Documents/College/Senior%20Year%20(2013-2014)/CSC%20271/Final%20DBMS%20Project/Girl_Scouts_GUI/GirlScoutsGUI/src/JavaConnect.java</file>
        </group>
    </open-files>
</project-private>
