<?xml version="1.0" encoding="UTF-8"?>
<project-private xmlns="http://www.netbeans.org/ns/project-private/1">
    <editor-bookmarks xmlns="http://www.netbeans.org/ns/editor-bookmarks/2" lastBookmarkId="0"/>
    <open-files xmlns="http://www.netbeans.org/ns/projectui-open-files/2">
        <group>
            <file>file:/Users/longpham/Downloads/Girl_Scouts_GUI-1/Girl_Scouts_GUI/GirlScoutsGUI/src/SQLiteJDBC.java</file>
            <file>file:/Users/longpham/Downloads/Girl_Scouts_GUI-1/Girl_Scouts_GUI/GirlScoutsGUI/src/GS_GUI.java</file>
        </group>
    </open-files>
</project-private>
